index,english,garo,category,notes,tagged_verified_high
418,"fever","Sin··ding··a","health","",NO — outlier
3058,"Afternoon","an··tam","uncategorized","variant/VERIFIED/HIGH",yes
3060,"Agree","ku··chak·a","uncategorized","variant/VERIFIED/HIGH",yes
3061,"Agree","ku··ra·chak·a","uncategorized","variant/VERIFIED/HIGH",yes
3069,"Answer","ku··chak·a","uncategorized","variant/VERIFIED/HIGH",yes
3072,"Apply","pa··a","uncategorized","variant/VERIFIED/HIGH",yes
3087,"Bamboo","wa··","uncategorized","variant/VERIFIED/HIGH",yes
3088,"Banana","te··rik","food","variant/VERIFIED/HIGH",yes
3090,"Bear","ba··a","animals","variant/VERIFIED/HIGH",yes
3099,"Big","dal··a","uncategorized","variant/VERIFIED/HIGH",yes
3102,"Bitter","ka··a","uncategorized","variant/VERIFIED/HIGH",yes
3106,"Blood","han··chi","health","variant/VERIFIED/HIGH",yes
3109,"Boil","bi·rot·ma··mong","uncategorized","variant/VERIFIED/HIGH",yes
3117,"Brave","pa··a","uncategorized","variant/VERIFIED/HIGH",yes
3118,"Brave","sang··chak·a","uncategorized","variant/VERIFIED/HIGH",yes
3124,"Broom","sal··a","uncategorized","variant/VERIFIED/HIGH",yes
3137,"Catch","ra··chak·a","uncategorized","variant/VERIFIED/HIGH",yes
3138,"Catch","rim··a","uncategorized","variant/VERIFIED/HIGH",yes
3139,"Catch","rim··chak·a","uncategorized","variant/VERIFIED/HIGH",yes
3143,"Chili","jal··ik","food","variant/VERIFIED/HIGH",yes
3144,"Chop","den··a","uncategorized","variant/VERIFIED/HIGH",yes
3150,"Claw","ku··ak·a","uncategorized","variant/VERIFIED/HIGH",yes
3155,"Clever","hai··man·a ku··man·a","uncategorized","variant/VERIFIED/HIGH",yes
3162,"Cloth","ba··ra","uncategorized","variant/VERIFIED/HIGH",yes
3164,"Clothes","ba··ra","uncategorized","variant/VERIFIED/HIGH",yes
3166,"Cockroach","ka··ra·o","uncategorized","variant/VERIFIED/HIGH",yes
3167,"Cockroach","sel··uk","uncategorized","variant/VERIFIED/HIGH",yes
3169,"Comb","ken··a","uncategorized","variant/VERIFIED/HIGH",yes
3171,"Come","i··a","uncategorized","variant/VERIFIED/HIGH",yes
3172,"Come","re··a","uncategorized","variant/VERIFIED/HIGH",yes
3173,"Come","re··ba·a","uncategorized","variant/VERIFIED/HIGH",yes
3177,"Cook","song··a","food","variant/VERIFIED/HIGH",yes
3180,"Cow","ma··su","animals","variant/VERIFIED/HIGH",yes
3181,"Crab","hang··ki","animals","variant/VERIFIED/HIGH",yes
3200,"Deep","ting··a","uncategorized","variant/VERIFIED/HIGH",yes
3204,"Dirty","ma··bak·a","uncategorized","variant/VERIFIED/HIGH",yes
3221,"Dry","ran··a","food","variant/VERIFIED/HIGH",yes
3231,"Eat","cha··a","food","variant/VERIFIED/HIGH",yes
3242,"Enough","chu··ong·a","uncategorized","variant/VERIFIED/HIGH",yes
3245,"Evening","an··tam","uncategorized","variant/VERIFIED/HIGH",yes
3249,"Far","chel··a","travel","variant/VERIFIED/HIGH",yes
3251,"Fast","bing··si·bing··si","uncategorized","variant/VERIFIED/HIGH",yes
3257,"Fever","ding··du·a","health","variant/VERIFIED/HIGH",yes
3258,"Fever","han··ding·a","health","variant/VERIFIED/HIGH",yes
3264,"Fire","wal··","uncategorized","variant/VERIFIED/HIGH",yes
3265,"Firewood","ha··bol","uncategorized","variant/VERIFIED/HIGH",yes
3266,"Fish","na··tok","food","variant/VERIFIED/HIGH",yes
3272,"Fly","til··a","uncategorized","variant/VERIFIED/HIGH",yes
3279,"Front","ka··bak","uncategorized","variant/VERIFIED/HIGH",yes
3282,"Fry","jo··a","uncategorized","variant/VERIFIED/HIGH",yes
3287,"Ghost","me··mang","uncategorized","variant/VERIFIED/HIGH",yes
3288,"Ginger","e··ching","food","variant/VERIFIED/HIGH",yes
3290,"Give","ron··a","uncategorized","variant/VERIFIED/HIGH",yes
3292,"Go","i··a","uncategorized","variant/VERIFIED/HIGH",yes
3293,"Go","i··ang·a","uncategorized","variant/VERIFIED/HIGH",yes
3294,"Go","re··a","uncategorized","variant/VERIFIED/HIGH",yes
3312,"Grind","pe··a","uncategorized","variant/VERIFIED/HIGH",yes
3314,"Half","bon··jang·chi·a","numbers","variant/VERIFIED/HIGH",yes
3321,"Healthy","han cheng··a","health","variant/VERIFIED/HIGH",yes
3322,"Healthy","han··sel·a","health","variant/VERIFIED/HIGH",yes
3324,"Heart","ka··rong·ti","uncategorized","variant/VERIFIED/HIGH",yes
3325,"Heart","ka··tong","uncategorized","variant/VERIFIED/HIGH",yes
3332,"Hope","ka··dong·a","uncategorized","variant/VERIFIED/HIGH",yes
3342,"Itch","ka··kit·a","uncategorized","variant/VERIFIED/HIGH",yes
3344,"Jackfruit","te··brong","uncategorized","variant/VERIFIED/HIGH",yes
3356,"Know","hai··a","uncategorized","variant/VERIFIED/HIGH",yes
3358,"Ladder","jang··ki","uncategorized","variant/VERIFIED/HIGH",yes
3374,"Leg","ja··chok","uncategorized","variant/VERIFIED/HIGH",yes
3375,"Leg","ja··git·teng","uncategorized","variant/VERIFIED/HIGH",yes
3376,"Leg","ja··teng","uncategorized","variant/VERIFIED/HIGH",yes
3379,"Lie","bo··a ra··a","uncategorized","variant/VERIFIED/HIGH",yes
3383,"Light (weight)","cheng··a","uncategorized","variant/VERIFIED/HIGH",yes
3391,"Long","ro··a","uncategorized","variant/VERIFIED/HIGH",yes
3392,"Long","ro··rek·a","uncategorized","variant/VERIFIED/HIGH",yes
3393,"Love","ka··sa·a","uncategorized","variant/VERIFIED/HIGH",yes
3396,"Mango","te··ga·chu","food","variant/VERIFIED/HIGH",yes
3397,"Market","ha··ti","business","variant/VERIFIED/HIGH",yes
3398,"Meat","be··en","food","variant/VERIFIED/HIGH",yes
3415,"Mother","ma··gip·a","family","variant/VERIFIED/HIGH",yes
3416,"Mother","na··gi·pa","family","variant/VERIFIED/HIGH",yes
3417,"Mountain","ha··bri","travel","variant/VERIFIED/HIGH",yes
3418,"Mountain","ha··chik","travel","variant/VERIFIED/HIGH",yes
3423,"Narrow","jang··jot·a","uncategorized","variant/VERIFIED/HIGH",yes
3456,"Outside","ha··gat·e","travel","variant/VERIFIED/HIGH",yes
3479,"Play","kal··a","uncategorized","variant/VERIFIED/HIGH",yes
3504,"Promise","ku··chak·a","uncategorized","variant/VERIFIED/HIGH",yes
3505,"Promise","ku··mik·chet·a","uncategorized","variant/VERIFIED/HIGH",yes
3506,"Promise","ku··wat·a","uncategorized","variant/VERIFIED/HIGH",yes
3513,"Question","sing··a","uncategorized","variant/VERIFIED/HIGH",yes
3515,"Quiet","ka··sin·a","uncategorized","variant/VERIFIED/HIGH",yes
3528,"Remember","gi·sik ra··a","uncategorized","variant/VERIFIED/HIGH",yes
3538,"Roll","bil··a","uncategorized","variant/VERIFIED/HIGH",yes
3549,"Sand","han··cheng","uncategorized","variant/VERIFIED/HIGH",yes
3561,"Sharp","sim··pram·a","uncategorized","variant/VERIFIED/HIGH",yes
3577,"Skin","sol··a","health","variant/VERIFIED/HIGH",yes
3581,"Sleepy","mik·gil jom··a","uncategorized","variant/VERIFIED/HIGH",yes
3583,"Slow","ka··sin·a","uncategorized","variant/VERIFIED/HIGH",yes
3584,"Small","chong··top·a","uncategorized","variant/VERIFIED/HIGH",yes
3589,"Smile","ka··ding·a","uncategorized","variant/VERIFIED/HIGH",yes
3590,"Smile","ka··ding·sim·ik·a","uncategorized","variant/VERIFIED/HIGH",yes
3599,"Soft","dil··dok·dil··dok","uncategorized","variant/VERIFIED/HIGH",yes
3605,"Sound","gam··a","uncategorized","variant/VERIFIED/HIGH",yes
3606,"Sound","gam··pret·a","uncategorized","variant/VERIFIED/HIGH",yes
3623,"Stir","gon··gon·a","uncategorized","variant/VERIFIED/HIGH",yes
3626,"Stone","rong··te","uncategorized","variant/VERIFIED/HIGH",yes
3637,"Sweet","chi··a","uncategorized","variant/VERIFIED/HIGH",yes
3638,"Sweet Potato","ta··mil·ang","food","variant/VERIFIED/HIGH",yes
3643,"Tail","ki··me","uncategorized","variant/VERIFIED/HIGH",yes
3644,"Take","ra··a","uncategorized","variant/VERIFIED/HIGH",yes
3645,"Take","ra··ang·a","uncategorized","variant/VERIFIED/HIGH",yes
3651,"Taste","cha··e ni·a","food","variant/VERIFIED/HIGH",yes
3663,"Thin","ba··a","uncategorized","variant/VERIFIED/HIGH",yes
3666,"Thirsty","ran··a","food","variant/VERIFIED/HIGH",yes
3673,"Thunder","gul··gul·a","uncategorized","variant/VERIFIED/HIGH",yes
3674,"Thunder","hil··hil·a","uncategorized","variant/VERIFIED/HIGH",yes
3681,"Tired","neng··a","health","variant/VERIFIED/HIGH",yes
3701,"Voice","ku··ra·ma","uncategorized","variant/VERIFIED/HIGH",yes
3702,"Voice","ku··rang","uncategorized","variant/VERIFIED/HIGH",yes
3703,"Walk","re··am·a","uncategorized","variant/VERIFIED/HIGH",yes
3708,"Wet","ma··jim·a","uncategorized","variant/VERIFIED/HIGH",yes
3715,"Whistle","ku··sim·ok·a","uncategorized","variant/VERIFIED/HIGH",yes
3717,"Whistle","su·i ron··a","uncategorized","variant/VERIFIED/HIGH",yes
3726,"Win","man··chak·a","uncategorized","variant/VERIFIED/HIGH",yes
3733,"Woman","me··chik","uncategorized","variant/VERIFIED/HIGH",yes
3735,"Work","ka··a","business","variant/VERIFIED/HIGH",yes
3748,"abbreviated","tong··kap·a","uncategorized","UNVERIFIED/HIGH v:-kim-bak- / tong·-tang-ga-tang",yes
3750,"abbreviated","tong··tang·ga·tang","uncategorized","variant/UNVERIFIED/HIGH",yes
3752,"able","man··a","uncategorized","variant/UNVERIFIED/HIGH",yes
3754,"about to","ham··a","uncategorized","UNVERIFIED/HIGH",yes
3755,"accept","ra··chak·a","uncategorized","UNVERIFIED/HIGH",yes
3756,"accompany","i··ang·pa··a","uncategorized","UNVERIFIED/HIGH",yes
3757,"accomplish","chu··sok·a","uncategorized","UNVERIFIED/HIGH",yes
3760,"ache","sa··dik·a","health","UNVERIFIED/HIGH",yes
3763,"actual","chong··mot","uncategorized","UNVERIFIED/HIGH",yes
3770,"adolescent","dil·ding bal··jak","education","UNVERIFIED/HIGH v:me·-tra / no-mil",yes
3771,"adolescent","me··tra","education","variant/UNVERIFIED/HIGH",yes
3774,"adopt","ra··gat·a","uncategorized","UNVERIFIED/HIGH",yes
3776,"advice","ku··chi kan·a","uncategorized","UNVERIFIED/HIGH",yes
3778,"afraid","han··srik·han··srik","uncategorized","UNVERIFIED/HIGH v:ken-a",yes
3782,"again","da··o·ba","uncategorized","variant/UNVERIFIED/HIGH",yes
3783,"again","pil··a","uncategorized","variant/UNVERIFIED/HIGH",yes
3797,"almost","ham··a","uncategorized","variant/UNVERIFIED/HIGH",yes
3808,"angry","hel··hel","uncategorized","variant/UNVERIFIED/HIGH",yes
3809,"angry","ka··o·nang·a","uncategorized","variant/UNVERIFIED/HIGH",yes
3814,"ankle","ja··git·ok","health","UNVERIFIED/HIGH",yes
3815,"ankle bells","ja··srang","health","UNVERIFIED/HIGH",yes
3820,"annoyed","man··dik·a","uncategorized","UNVERIFIED/HIGH",yes
3824,"anthill","ha··pru","uncategorized","UNVERIFIED/HIGH",yes
3825,"anticipate","hai··chak·a","uncategorized","UNVERIFIED/HIGH",yes
3826,"anus","ki··sam·bu","uncategorized","UNVERIFIED/HIGH",yes
3827,"anxious","ting··ting·a","uncategorized","UNVERIFIED/HIGH",yes
3832,"appear","ong··kat·a","uncategorized","variant/UNVERIFIED/HIGH",yes
3834,"apportion","ma··at·a","uncategorized","UNVERIFIED/HIGH v:su-al-a",yes
3836,"appropriate","ke··a","uncategorized","UNVERIFIED/HIGH v:kra-a",yes
3839,"area","ha··dok","uncategorized","UNVERIFIED/HIGH",yes
3846,"arrow","gol··chok","uncategorized","UNVERIFIED/HIGH",yes
3847,"arum","ta··ring","uncategorized","UNVERIFIED/HIGH",yes
3849,"ashes","ha··dip·u","uncategorized","UNVERIFIED/HIGH",yes
3850,"ask question","sing··a","uncategorized","UNVERIFIED/HIGH",yes
3851,"ask, request","bi··a","uncategorized","UNVERIFIED/HIGH",yes
3853,"athlete's foot","ja··si git·ok chot·a","uncategorized","UNVERIFIED/HIGH",yes
3855,"attach","pa··a","uncategorized","variant/UNVERIFIED/HIGH",yes
3859,"attention","gi·sik ron··a","uncategorized","UNVERIFIED/HIGH",yes
3861,"attract","mong··a","uncategorized","variant/UNVERIFIED/HIGH",yes
3864,"aunt (MoOlSi)","ma··jong","family","UNVERIFIED/HIGH",yes
3865,"aunt (MoYoSi)","ma··de","family","UNVERIFIED/HIGH",yes
3874,"baby napkin","ki··tap","uncategorized","UNVERIFIED/HIGH",yes
3880,"backwards","ki··sang·cha·na","uncategorized","UNVERIFIED/HIGH",yes
3882,"bait","du··a","uncategorized","variant/UNVERIFIED/HIGH",yes
3886,"banana bud","te··rik so·bak","food","UNVERIFIED/HIGH",yes
3888,"banana leaf","he··sal","food","UNVERIFIED/HIGH",yes
3902,"base of mountain","ja··pang","travel","UNVERIFIED/HIGH",yes
3911,"beans","bil··ik","uncategorized","UNVERIFIED/HIGH v:ka·-rek",yes
3912,"beans","ka··rek","uncategorized","variant/UNVERIFIED/HIGH",yes
3914,"beard","ku··sim·ang","uncategorized","UNVERIFIED/HIGH",yes
3923,"beetle","ki··bit·bit","uncategorized","variant/UNVERIFIED/HIGH",yes
3926,"beggars","gil·i·geng·i cha··gip·a","uncategorized","UNVERIFIED/HIGH",yes
3927,"begin","a··ba·cheng·a","uncategorized","UNVERIFIED/HIGH",yes
3930,"belch","rang··ra·a","uncategorized","UNVERIFIED/HIGH",yes
3931,"believe","be·be ra··a","uncategorized","UNVERIFIED/HIGH v:chan-chi-a",yes
3940,"bend","be··gop·a","uncategorized","UNVERIFIED/HIGH",yes
3945,"bent","kong··krot·a","uncategorized","variant/UNVERIFIED/HIGH",yes
3946,"beseech","mol··mol·a","uncategorized","UNVERIFIED/HIGH",yes
3952,"birth","ba··a","health","UNVERIFIED/HIGH v:jon-mo",yes
3963,"bladder","si··chu","uncategorized","UNVERIFIED/HIGH",yes
3977,"block","beng··a","uncategorized","UNVERIFIED/HIGH v:peng·-a",yes
3978,"block","peng··a","uncategorized","variant/UNVERIFIED/HIGH",yes
3993,"boastful","dal··a·sot·sot","uncategorized","UNVERIFIED/HIGH v:ra-song-si-si dak-a",yes
3995,"body","be··en","health","UNVERIFIED/HIGH v:bi-mang / han·-",yes
3997,"body","han··","health","variant/UNVERIFIED/HIGH",yes
4001,"bore hole","re··el·a","uncategorized","UNVERIFIED/HIGH",yes
4005,"borrow","ra··a","uncategorized","variant/UNVERIFIED/HIGH",yes
4008,"bothered","man··dik·a","uncategorized","UNVERIFIED/HIGH",yes
4026,"brand","wal··jem","uncategorized","variant/UNVERIFIED/HIGH",yes
4028,"break","be··a","uncategorized","UNVERIFIED/HIGH v:be·-tong-a / chot-a / pe·-a",yes
4029,"break","be··tong·a","uncategorized","variant/UNVERIFIED/HIGH",yes
4031,"break","pe··a","uncategorized","variant/UNVERIFIED/HIGH",yes
4037,"breathe","rang··sip·it·a","health","UNVERIFIED/HIGH",yes
4038,"breathe deeply","rang··du·a","health","UNVERIFIED/HIGH",yes
4041,"brew","song··a","uncategorized","UNVERIFIED/HIGH",yes
4043,"brick","ha··san","uncategorized","UNVERIFIED/HIGH",yes
4046,"briefly","teng··kap teng··kap","uncategorized","UNVERIFIED/HIGH",yes
4048,"brilliant","seng··a","uncategorized","UNVERIFIED/HIGH",yes
4049,"bring","ra··a","uncategorized","UNVERIFIED/HIGH v:ra·-ba-a / rim-a",yes
4050,"bring","ra··ba·a","uncategorized","variant/UNVERIFIED/HIGH",yes
4056,"broken","gong··gak·a","uncategorized","UNVERIFIED/HIGH",yes
4057,"broken off","be··tong·a","uncategorized","UNVERIFIED/HIGH",yes
4067,"brush","ken··a","uncategorized","UNVERIFIED/HIGH",yes
4069,"bubbles","ku··chi","uncategorized","UNVERIFIED/HIGH",yes
4072,"bug","jong··","uncategorized","UNVERIFIED/HIGH",yes
4074,"build","dim··a","uncategorized","variant/UNVERIFIED/HIGH",yes
4078,"build nest","sa··a","uncategorized","UNVERIFIED/HIGH",yes
4088,"burn","so··a","uncategorized","variant/UNVERIFIED/HIGH",yes
4090,"burning","ding··il·a ding··cha·a","uncategorized","UNVERIFIED/HIGH",yes
4101,"bury","ha··dap·a","uncategorized","variant/UNVERIFIED/HIGH",yes
4106,"buttocks","ki··sang","uncategorized","UNVERIFIED/HIGH",yes
4110,"cactus","si··chu","uncategorized","UNVERIFIED/HIGH",yes
4113,"calf","ma··su gen·da","animals","variant/UNVERIFIED/HIGH",yes
4117,"call","pe··a","uncategorized","variant/UNVERIFIED/HIGH",yes
4119,"calm","ka··sin·a","uncategorized","UNVERIFIED/HIGH v:tom·-tom-a",yes
4120,"calm","tom··tom·a","uncategorized","variant/UNVERIFIED/HIGH",yes
4121,"can","man··a","uncategorized","UNVERIFIED/HIGH",yes
4131,"capture","rim··a","uncategorized","UNVERIFIED/HIGH v:sik-a",yes
4133,"capture bridegroom","rim··tat·a","uncategorized","UNVERIFIED/HIGH",yes
4135,"care for","ba··rik·a","uncategorized","UNVERIFIED/HIGH v:dong-dil-a / jil-a / mit-tang-a",yes
4144,"carry","de··tom·a","uncategorized","UNVERIFIED/HIGH v:de·-tom-brot-a / gat-a",yes
4145,"carry","de··tom·brot·a","uncategorized","variant/UNVERIFIED/HIGH",yes
4147,"carry baby","ba··rik·a","uncategorized","UNVERIFIED/HIGH",yes
4149,"carry child","ba··tom·a","family","UNVERIFIED/HIGH",yes
4158,"carve","sol··a","uncategorized","variant/UNVERIFIED/HIGH",yes
4162,"cassava","ta··bol·chu","uncategorized","UNVERIFIED/HIGH",yes
4167,"caterpillar","jong··sip·in","uncategorized","UNVERIFIED/HIGH v:jong·-su / mang-tip",yes
4168,"caterpillar","jong··su","uncategorized","variant/UNVERIFIED/HIGH",yes
4170,"cattle","ma··su","uncategorized","UNVERIFIED/HIGH v:ma·-su mat-ti",yes
4171,"cattle","ma··su mat·ti","uncategorized","variant/UNVERIFIED/HIGH",yes
4174,"celebrate","han··seng·a","uncategorized","UNVERIFIED/HIGH",yes
4177,"chaff","cha··che","uncategorized","UNVERIFIED/HIGH",yes
4180,"change ethnicity","tang··nap·a","uncategorized","UNVERIFIED/HIGH",yes
4181,"change mind","gi·sik ra··pil·a","uncategorized","UNVERIFIED/HIGH",yes
4182,"change money","pe··a","business","UNVERIFIED/HIGH",yes
4186,"chapped lips","ku··chil bret·a","uncategorized","UNVERIFIED/HIGH",yes
4188,"chase","ha··rik·a","uncategorized","UNVERIFIED/HIGH",yes
4196,"chin","ku··dim·bok","uncategorized","UNVERIFIED/HIGH",yes
4197,"chipped","be··king·ben·da","uncategorized","UNVERIFIED/HIGH v:be·-ku-weng-a / be·-rik-ken-a",yes
4198,"chipped","be··ku·weng·a","uncategorized","variant/UNVERIFIED/HIGH",yes
4199,"chipped","be··rik·ken·a","uncategorized","variant/UNVERIFIED/HIGH",yes
4201,"chips","gol··ding·ding","uncategorized","variant/UNVERIFIED/HIGH",yes
4202,"chips","gol··si·ri","uncategorized","variant/UNVERIFIED/HIGH",yes
4216,"claim","a··kang·a","uncategorized","UNVERIFIED/HIGH v:pot-a",yes
4220,"clay","ha··keng·krak","uncategorized","variant/UNVERIFIED/HIGH",yes
4221,"clay","ha··pek","uncategorized","variant/UNVERIFIED/HIGH",yes
4248,"coals","wal··ki","uncategorized","UNVERIFIED/HIGH",yes
4251,"coccyx","ki··ting","uncategorized","UNVERIFIED/HIGH",yes
4255,"coiled","kon··a","uncategorized","UNVERIFIED/HIGH",yes
4260,"cold","sin··a","health","variant/UNVERIFIED/HIGH",yes
4262,"cold season","sin··ka·ri","health","UNVERIFIED/HIGH",yes
4263,"cold sore","ku··gi·sep ang··ki·sa dak·a","health","UNVERIFIED/HIGH",yes
4264,"collapse","be··grop·a","uncategorized","UNVERIFIED/HIGH v:be·-wak-a / drin-a / grin-a",yes
4265,"collapse","be··wak·a","uncategorized","variant/UNVERIFIED/HIGH",yes
4272,"collect","tom··a","uncategorized","variant/UNVERIFIED/HIGH",yes
4277,"come back","pil··a","uncategorized","UNVERIFIED/HIGH",yes
4278,"come loose","go··ok·a","uncategorized","UNVERIFIED/HIGH",yes
4279,"come out","ong··kat·a","uncategorized","UNVERIFIED/HIGH",yes
4289,"compensation","gro cha··a","uncategorized","variant/UNVERIFIED/HIGH",yes
4293,"conceal","bo··srok·a","uncategorized","variant/UNVERIFIED/HIGH",yes
4295,"conceited","dal··a·sot·sot","uncategorized","UNVERIFIED/HIGH",yes
4297,"constantly","jem··jem·a","uncategorized","UNVERIFIED/HIGH v:jring-jring",yes
4303,"contribute","ron··chak·a","uncategorized","UNVERIFIED/HIGH",yes
4311,"cooking pots","me··dik sam·dik","uncategorized","UNVERIFIED/HIGH",yes
4323,"correctly speaking","a·gan·chong··mot·a","uncategorized","UNVERIFIED/HIGH",yes
4331,"courageous","sang··chak·a","uncategorized","UNVERIFIED/HIGH",yes
4333,"courtyard","ha··til·a","uncategorized","variant/UNVERIFIED/HIGH",yes
4346,"cow dung","ma··su·ke··em·a","animals","UNVERIFIED/HIGH",yes
4350,"cracked","be··chil·ak·a","uncategorized","UNVERIFIED/HIGH v:be·-dip-a / be·-si-ri-a",yes
4351,"cracked","be··dip·a","uncategorized","variant/UNVERIFIED/HIGH",yes
4352,"cracked","be··si·ri·a","uncategorized","variant/UNVERIFIED/HIGH",yes
4354,"crave","ku··chi·a","uncategorized","UNVERIFIED/HIGH",yes
4355,"craving","ma··ang","uncategorized","UNVERIFIED/HIGH",yes
4356,"crazy","na·wang·ku··wang","uncategorized","UNVERIFIED/HIGH",yes
4359,"creator","Ba··gip·a Bi·rom·bi","uncategorized","UNVERIFIED/HIGH",yes
4361,"cremate","so··krep·a","uncategorized","UNVERIFIED/HIGH",yes
4362,"crescent moon","ku··weng·a","uncategorized","UNVERIFIED/HIGH",yes
4366,"cross","ga··bat·a","church","variant/UNVERIFIED/HIGH",yes
4368,"crossed legs","ja··git·ap·a","uncategorized","UNVERIFIED/HIGH",yes
4378,"crumple","kom··si·a","uncategorized","UNVERIFIED/HIGH",yes
4380,"crush","rim··pin·ek·a","uncategorized","variant/UNVERIFIED/HIGH",yes
4386,"cultivate","ha··ba hu··a","uncategorized","variant/UNVERIFIED/HIGH",yes
4389,"cup, bamboo","wa··sing","uncategorized","UNVERIFIED/HIGH",yes
4393,"curled","kon··a","uncategorized","UNVERIFIED/HIGH",yes
4394,"curly","kong··krot·a","uncategorized","UNVERIFIED/HIGH v:kong·-krot-kong·-krot",yes
4395,"curly","kong··krot·kong··krot","uncategorized","variant/UNVERIFIED/HIGH",yes
4399,"curved","kong··krot·a","uncategorized","variant/UNVERIFIED/HIGH",yes
4400,"curved","ku··weng·a","uncategorized","variant/UNVERIFIED/HIGH",yes
4402,"cut","den··a","uncategorized","UNVERIFIED/HIGH v:mat-a / rat-a",yes
4407,"cutting","ta··sko","uncategorized","variant/UNVERIFIED/HIGH",yes
4415,"damp","chim··chim·a","uncategorized","variant/UNVERIFIED/HIGH",yes
4416,"damp","dim··a","uncategorized","variant/UNVERIFIED/HIGH",yes
4418,"dance","han··seng·a","uncategorized","variant/UNVERIFIED/HIGH",yes
4421,"dandruff","ki··ka·rok","uncategorized","UNVERIFIED/HIGH",yes
4426,"dark complexion","han··gi·sim","uncategorized","UNVERIFIED/HIGH",yes
4434,"dead","bi·ba bon··chot·a","health","UNVERIFIED/HIGH",yes
4437,"deceive","bo··a","uncategorized","UNVERIFIED/HIGH",yes
4440,"defecate","ke··em·a","uncategorized","UNVERIFIED/HIGH v:ki·-a",yes
4441,"defecate","ki··a","uncategorized","variant/UNVERIFIED/HIGH",yes
4443,"defend","peng··chak·a","uncategorized","variant/UNVERIFIED/HIGH",yes
4448,"deliver baby","han··o ra··a","uncategorized","UNVERIFIED/HIGH v:jak-o ra·-a",yes
4449,"deliver baby","jak·o ra··a","uncategorized","variant/UNVERIFIED/HIGH",yes
4451,"demand","ham··chrak·a","uncategorized","variant/UNVERIFIED/HIGH",yes
4455,"dense","gan··chat·a","uncategorized","variant/UNVERIFIED/HIGH",yes
4457,"dented","be··rik·ken·a","uncategorized","UNVERIFIED/HIGH",yes
4460,"desire","ha··sik·a","uncategorized","UNVERIFIED/HIGH v:ham·-a / mik-bok-a",yes
4461,"desire","ham··a","uncategorized","variant/UNVERIFIED/HIGH",yes
4463,"destroy","pe··wak·a","uncategorized","UNVERIFIED/HIGH",yes
4467,"dialogue","ra··chak·grik·e a·gan·a","uncategorized","UNVERIFIED/HIGH",yes
4468,"diaper","ki··tap","uncategorized","UNVERIFIED/HIGH",yes
4469,"diarrhea","bik·ma re··a","uncategorized","UNVERIFIED/HIGH v:ki·-brek-a",yes
4470,"diarrhea","ki··brek·a","uncategorized","variant/UNVERIFIED/HIGH",yes
4479,"dig","cho··a","uncategorized","variant/UNVERIFIED/HIGH",yes
4489,"direct","tong··tang","uncategorized","UNVERIFIED/HIGH v:-tong·-tang-",yes
4490,"direct","·tong··tang·","uncategorized","variant/UNVERIFIED/HIGH",yes
4501,"discuss","ku··chim·mong·a","uncategorized","variant/UNVERIFIED/HIGH",yes
4502,"discuss","ku··mong·a","uncategorized","variant/UNVERIFIED/HIGH",yes
4510,"dislike","ni·na man··ja","uncategorized","variant/UNVERIFIED/HIGH",yes
4519,"distant","chel··a","uncategorized","UNVERIFIED/HIGH",yes
4521,"disturbed","man··dik·a","uncategorized","UNVERIFIED/HIGH v:rim·-dang-a",yes
4522,"disturbed","rim··dang·a","uncategorized","variant/UNVERIFIED/HIGH",yes
4523,"disturbing","ka··so·a","uncategorized","UNVERIFIED/HIGH",yes
4527,"divide","ma··at·a","uncategorized","variant/UNVERIFIED/HIGH",yes
4531,"divorce","ha··wal","uncategorized","variant/UNVERIFIED/HIGH",yes
4534,"do","ka··a","uncategorized","variant/UNVERIFIED/HIGH",yes
4536,"done","bon··a","uncategorized","UNVERIFIED/HIGH v:mat-chot-a / ses",yes
4546,"doze","mik·gil jom··a","uncategorized","variant/UNVERIFIED/HIGH",yes
4549,"draw water","ko··a","food","UNVERIFIED/HIGH",yes
4558,"dried fish","na··kam","food","UNVERIFIED/HIGH",yes
4563,"drizzle","se··em·se··em","uncategorized","variant/UNVERIFIED/HIGH",yes
4568,"drunk","han cheng··a","uncategorized","UNVERIFIED/HIGH v:mik-mak-a",yes
4570,"dry season","ha··ran","food","UNVERIFIED/HIGH",yes
4572,"dull","cham··a","uncategorized","UNVERIFIED/HIGH v:chat-a",yes
4578,"dung","ke··em·a","uncategorized","variant/UNVERIFIED/HIGH",yes
4579,"dung","ma··su·ke··em·a","uncategorized","variant/UNVERIFIED/HIGH",yes
4580,"dung beetle","ki··bit·bit","uncategorized","UNVERIFIED/HIGH",yes
4581,"dunk","sim··a","uncategorized","UNVERIFIED/HIGH",yes
4582,"dusk","an··tam·git·tu","uncategorized","UNVERIFIED/HIGH",yes
4584,"dust","ha··gin·dil·a","uncategorized","variant/UNVERIFIED/HIGH",yes
4593,"earth","ha··","uncategorized","UNVERIFIED/HIGH v:ha·-gil-sak / ha·-mang",yes
4594,"earth","ha··gil·sak","uncategorized","variant/UNVERIFIED/HIGH",yes
4595,"earth","ha··mang","uncategorized","variant/UNVERIFIED/HIGH",yes
4596,"earthen","ha··ni","uncategorized","UNVERIFIED/HIGH",yes
4598,"easy","nom··a","uncategorized","variant/UNVERIFIED/HIGH",yes
4599,"eat up","cha··chot·a","food","UNVERIFIED/HIGH",yes
4603,"edge","a··sam","uncategorized","UNVERIFIED/HIGH v:bi-wa / rik-ing / rik-ong",yes
4613,"emerge","ong··kat·a","uncategorized","UNVERIFIED/HIGH",yes
4619,"end","ku··mang","uncategorized","variant/UNVERIFIED/HIGH",yes
4623,"endure","han··chak·a","uncategorized","variant/UNVERIFIED/HIGH",yes
4628,"equivalent","ong··a","uncategorized","UNVERIFIED/HIGH",yes
4642,"exaggerate","bo··dap·a","uncategorized","variant/UNVERIFIED/HIGH",yes
4652,"excrement","ke··em·a","uncategorized","UNVERIFIED/HIGH",yes
4654,"exist","ong··a","uncategorized","UNVERIFIED/HIGH",yes
4655,"expect","hai··chak·a","uncategorized","UNVERIFIED/HIGH v:mik-sok-a",yes
4660,"explain","pe··e a·gan·a","uncategorized","variant/UNVERIFIED/HIGH",yes
4661,"explain","pe··prak·e a·gan·a","uncategorized","variant/UNVERIFIED/HIGH",yes
4665,"eye of needle","sil·eng·si a··kil·ok","health","UNVERIFIED/HIGH",yes
4675,"fall","ga··ak·a","uncategorized","UNVERIFIED/HIGH v:ru-rong-a",yes
4679,"fall onto","ga··ak·dap·a","uncategorized","UNVERIFIED/HIGH",yes
4682,"family","ha··ma","family","UNVERIFIED/HIGH v:nok / po-ri-bar",yes
4688,"fart","ki··si·a","uncategorized","UNVERIFIED/HIGH",yes
4696,"fearless","pa··a","uncategorized","variant/UNVERIFIED/HIGH",yes
4698,"feed","du··a","uncategorized","variant/UNVERIFIED/HIGH",yes
4700,"feed animals","du··a","uncategorized","UNVERIFIED/HIGH",yes
4703,"feel","rim··e ni·a","uncategorized","UNVERIFIED/HIGH",yes
4709,"fields","ha··ba","uncategorized","UNVERIFIED/HIGH",yes
4720,"find","man··a","uncategorized","UNVERIFIED/HIGH",yes
4722,"fine","se··em·a","uncategorized","UNVERIFIED/HIGH",yes
4726,"finish","bon··dil·a","uncategorized","UNVERIFIED/HIGH v:chon·-a / man·-a",yes
4727,"finish","chon··a","uncategorized","variant/UNVERIFIED/HIGH",yes
4728,"finish","man··a","uncategorized","variant/UNVERIFIED/HIGH",yes
4729,"finished","bon··a","uncategorized","UNVERIFIED/HIGH v:bon·-chot-a / mat-chot-a / ses",yes
4730,"finished","bon··chot·a","uncategorized","variant/UNVERIFIED/HIGH",yes
4734,"firebrand","wal··jem","uncategorized","variant/UNVERIFIED/HIGH",yes
4735,"firefly","sang··et","uncategorized","UNVERIFIED/HIGH",yes
4746,"fit","dang··a","uncategorized","variant/UNVERIFIED/HIGH",yes
4748,"fit","tang··rong·rang·a","uncategorized","variant/UNVERIFIED/HIGH",yes
4751,"flair","jil··au·a","uncategorized","UNVERIFIED/HIGH",yes
4752,"flake","ga··au·a","uncategorized","UNVERIFIED/HIGH",yes
4753,"flames","wal··si·ri","uncategorized","UNVERIFIED/HIGH",yes
4757,"flash","ri··rau·a","uncategorized","UNVERIFIED/HIGH",yes
4765,"flatten","ro··op·a","uncategorized","variant/UNVERIFIED/HIGH",yes
4766,"flesh","be··en","uncategorized","UNVERIFIED/HIGH",yes
4767,"flicker","jing··jet·jing··jet","uncategorized","UNVERIFIED/HIGH v:ring-rang-ga-rang",yes
4769,"flickering","jil··jeng jil··jeng","uncategorized","UNVERIFIED/HIGH",yes
4776,"fluently","ku··pret·a","uncategorized","UNVERIFIED/HIGH",yes
4781,"fold","dem··a","uncategorized","UNVERIFIED/HIGH",yes
4783,"folded","be··dem·a","uncategorized","UNVERIFIED/HIGH",yes
4785,"follow","i··rik·a","uncategorized","UNVERIFIED/HIGH v:ja·-rik-a / ki·-sang-chak-a / rik-pa-a",yes
4786,"follow","ja··rik·a","uncategorized","variant/UNVERIFIED/HIGH",yes
4787,"follow","ki··sang·chak·a","uncategorized","variant/UNVERIFIED/HIGH",yes
4789,"follow orders","ra··chak·a","uncategorized","UNVERIFIED/HIGH",yes
4793,"fool around","kal··ak·a","uncategorized","UNVERIFIED/HIGH v:mang-kal-a / rong-kal-a",yes
4796,"foolishly","na·wang·ku··wang","uncategorized","UNVERIFIED/HIGH",yes
4797,"foot","ja··","uncategorized","UNVERIFIED/HIGH",yes
4798,"foot of mountains","ja··rek","phrases","UNVERIFIED/HIGH",yes
4799,"foot print","ja··gam","uncategorized","UNVERIFIED/HIGH v:ja·-kol",yes
4800,"foot print","ja··kol","uncategorized","variant/UNVERIFIED/HIGH",yes
4812,"forgive","ke·ma ron··a","church","UNVERIFIED/HIGH",yes
4823,"front of body","ka··bak","health","UNVERIFIED/HIGH",yes
4829,"funeral","me··mang gam","uncategorized","UNVERIFIED/HIGH",yes
4846,"genitals, female","si··","uncategorized","UNVERIFIED/HIGH",yes
4849,"get","man··a","uncategorized","UNVERIFIED/HIGH v:ra·-a / sik-a",yes
4850,"get","ra··a","uncategorized","variant/UNVERIFIED/HIGH",yes
4853,"get back","man··rik·a","uncategorized","UNVERIFIED/HIGH",yes
4856,"gin","pe··a","uncategorized","UNVERIFIED/HIGH",yes
4858,"give help","ron··chak·a","uncategorized","UNVERIFIED/HIGH",yes
4861,"gloomy","sin··dik·a","uncategorized","UNVERIFIED/HIGH",yes
4865,"gnat","su··sam","uncategorized","UNVERIFIED/HIGH v:tam-pi-sim-ik",yes
4867,"go back","i··ang·pil··a","uncategorized","UNVERIFIED/HIGH v:pil·-a",yes
4868,"go back","pil··a","uncategorized","variant/UNVERIFIED/HIGH",yes
4869,"go back and forth","i··ru·ra··a","phrases","UNVERIFIED/HIGH",yes
4876,"gossip","ku··rit·chu·a","uncategorized","UNVERIFIED/HIGH",yes
4879,"grab","rim··a","uncategorized","UNVERIFIED/HIGH v:sik-a",yes
4897,"groan","ma··am·a","uncategorized","variant/UNVERIFIED/HIGH",yes
4899,"ground","ha··","uncategorized","UNVERIFIED/HIGH",yes
4905,"grub","jong··men","uncategorized","variant/UNVERIFIED/HIGH",yes
4927,"handle","ga··pong","uncategorized","variant/UNVERIFIED/HIGH",yes
4928,"handle","rim··a","uncategorized","variant/UNVERIFIED/HIGH",yes
4929,"handle","rim··chak·ra","uncategorized","variant/UNVERIFIED/HIGH",yes
4938,"happy","han··seng·a","uncategorized","UNVERIFIED/HIGH",yes
4940,"hatch","pe··a","uncategorized","UNVERIFIED/HIGH",yes
4944,"head ache","sko sa··dik·a","health","UNVERIFIED/HIGH",yes
4945,"headhunting sword","mil··am","uncategorized","UNVERIFIED/HIGH",yes
4951,"heavily","je··et·je··et dak·ing·a","uncategorized","UNVERIFIED/HIGH",yes
4953,"heavy","je··et·je··et","uncategorized","variant/UNVERIFIED/HIGH",yes
4954,"heel","ja··pa·ku··chok","uncategorized","UNVERIFIED/HIGH",yes
4961,"hiccup","ti··ik·a","uncategorized","UNVERIFIED/HIGH",yes
4967,"high land","ha··sak·a","uncategorized","UNVERIFIED/HIGH",yes
4969,"hill","ha··bri","travel","UNVERIFIED/HIGH v:ha·-chik / ha·-sak-a",yes
4970,"hill","ha··chik","travel","variant/UNVERIFIED/HIGH",yes
4971,"hill","ha··sak·a","travel","variant/UNVERIFIED/HIGH",yes
4972,"hill tract","ha··sak·a","travel","UNVERIFIED/HIGH",yes
4973,"hills","ha··rong·ga","uncategorized","UNVERIFIED/HIGH",yes
4975,"hinder","peng··a","uncategorized","variant/UNVERIFIED/HIGH",yes
4980,"hoarse","seo··seo·e bol·a","uncategorized","variant/UNVERIFIED/HIGH",yes
4983,"hold","rim··a","uncategorized","variant/UNVERIFIED/HIGH",yes
4987,"hole","ha··gop","uncategorized","UNVERIFIED/HIGH v:ha·-kil-ok / ha·-kol",yes
4988,"hole","ha··kil·ok","uncategorized","variant/UNVERIFIED/HIGH",yes
4989,"hole","ha··kol","uncategorized","variant/UNVERIFIED/HIGH",yes
5000,"hot","ding··a","uncategorized","UNVERIFIED/HIGH v:gek-gek / jro-a",yes
5003,"hot season","ding··ka·ri","uncategorized","UNVERIFIED/HIGH",yes
5014,"hurt","sa··dik·a","uncategorized","UNVERIFIED/HIGH",yes
5021,"husks","cha··che","uncategorized","variant/UNVERIFIED/HIGH",yes
5023,"ignite","so··a","uncategorized","UNVERIFIED/HIGH",yes
5024,"immediately","teng··kap teng··kap","uncategorized","UNVERIFIED/HIGH",yes
5025,"immerse","sim··a","uncategorized","UNVERIFIED/HIGH",yes
5033,"improve in health","sel··a","phrases","UNVERIFIED/HIGH",yes
5035,"incest","ma··dong","uncategorized","UNVERIFIED/HIGH",yes
5036,"inchworm","jong··kang·ku","uncategorized","UNVERIFIED/HIGH",yes
5039,"inclined","gong··a","uncategorized","variant/UNVERIFIED/HIGH",yes
5040,"including","ra··e","uncategorized","UNVERIFIED/HIGH",yes
5041,"incomplete","tong··kan·di","uncategorized","UNVERIFIED/HIGH",yes
5046,"increase","bang··rik·rik·a","uncategorized","variant/UNVERIFIED/HIGH",yes
5050,"individual's land","ha··tot","uncategorized","UNVERIFIED/HIGH",yes
5055,"inform","a·gan·e ron··a","uncategorized","variant/UNVERIFIED/HIGH",yes
5058,"inherit","man··rik·a","uncategorized","UNVERIFIED/HIGH",yes
5059,"inject","su··a","uncategorized","UNVERIFIED/HIGH",yes
5061,"injure","ja··sru·a","uncategorized","UNVERIFIED/HIGH",yes
5062,"inquire","sing··e ni·a","uncategorized","UNVERIFIED/HIGH",yes
5064,"insect","jong··","animals","UNVERIFIED/HIGH",yes
5071,"insufficient","bon··dik·a","uncategorized","UNVERIFIED/HIGH",yes
5080,"interest, monetary","pi··sa","uncategorized","UNVERIFIED/HIGH",yes
5082,"interrupted","rim··dang·a","uncategorized","UNVERIFIED/HIGH",yes
5091,"jackal","si··ol","uncategorized","variant/UNVERIFIED/HIGH",yes
5098,"joke","bo··bru·a","uncategorized","UNVERIFIED/HIGH v:bu·-rok-a / re-jil-a / rong-kal-a",yes
5099,"joke","bu··rok·a","uncategorized","variant/UNVERIFIED/HIGH",yes
5102,"joyful","han··seng·a","uncategorized","UNVERIFIED/HIGH",yes
5108,"keep","ra··rik·a","uncategorized","UNVERIFIED/HIGH v:rak-ki-a",yes
5110,"kick","ga··ting·dat·a","uncategorized","UNVERIFIED/HIGH",yes
5111,"kidney","tin··sok","health","UNVERIFIED/HIGH",yes
5114,"kill","so··ot·a","uncategorized","variant/UNVERIFIED/HIGH",yes
5121,"kiss","ku··chot·a","uncategorized","UNVERIFIED/HIGH v:ku·-dim-a",yes
5122,"kiss","ku··dim·a","uncategorized","variant/UNVERIFIED/HIGH",yes
5125,"knee","ja··sku","uncategorized","UNVERIFIED/HIGH",yes
5127,"kneel","ja··sku·ting·a","uncategorized","UNVERIFIED/HIGH v:ting-a",yes
5145,"land","ha··","uncategorized","UNVERIFIED/HIGH v:ha·-ga",yes
5146,"land","ha··ga","uncategorized","variant/UNVERIFIED/HIGH",yes
5150,"land, of village","ha··kin·te","travel","UNVERIFIED/HIGH",yes
5154,"large","dal··a","uncategorized","UNVERIFIED/HIGH v:-ma",yes
5156,"larva","jong··men","uncategorized","UNVERIFIED/HIGH",yes
5158,"latrine","ki··dik","uncategorized","UNVERIFIED/HIGH v:pai-ka-na",yes
5160,"lay eggs","chi··a","uncategorized","UNVERIFIED/HIGH",yes
5166,"leak","ga··ak·ro·rot·a","uncategorized","UNVERIFIED/HIGH v:gip-u-a / ru-rot-a / sel-a",yes
5188,"let go","rim··sik·ok·a","uncategorized","UNVERIFIED/HIGH v:tap-skot-a",yes
5190,"let property","me·di ron··a","uncategorized","UNVERIFIED/HIGH",yes
5192,"leukoderma","ja··ka·bok","uncategorized","UNVERIFIED/HIGH",yes
5200,"lift","de··a","uncategorized","variant/UNVERIFIED/HIGH",yes
5201,"lift","de··gat·a","uncategorized","variant/UNVERIFIED/HIGH",yes
5202,"lift","de··tom·brot·a","uncategorized","variant/UNVERIFIED/HIGH",yes
5203,"light complexion","han··git·chak","uncategorized","UNVERIFIED/HIGH",yes
5204,"light fire","so··a","uncategorized","UNVERIFIED/HIGH",yes
5215,"lime","te··mat·chu","uncategorized","variant/UNVERIFIED/HIGH",yes
5216,"limp","ja··ding·a","uncategorized","UNVERIFIED/HIGH v:kong-dep-a / le-la-le-la",yes
5219,"lineage","ma··chong","uncategorized","UNVERIFIED/HIGH v:ma-ha-ri",yes
5221,"lineage bond","ha··kim","uncategorized","UNVERIFIED/HIGH",yes
5222,"lip","ku··chil","uncategorized","UNVERIFIED/HIGH",yes
5230,"little finger","jak·si·pi··sa","uncategorized","UNVERIFIED/HIGH",yes
5240,"load","de··gat·a","uncategorized","variant/UNVERIFIED/HIGH",yes
5243,"loan","on··cheng·a","business","variant/UNVERIFIED/HIGH",yes
5246,"location","ha··dam","uncategorized","variant/UNVERIFIED/HIGH",yes
5247,"location","ha··dok","uncategorized","variant/UNVERIFIED/HIGH",yes
5255,"lonely","ma··ring·a","uncategorized","variant/UNVERIFIED/HIGH",yes
5260,"long time","ja··ro·a","uncategorized","UNVERIFIED/HIGH",yes
5261,"long, of clothes","ja··ro·a","phrases","UNVERIFIED/HIGH",yes
5272,"look up to","dal··nik·a","phrases","UNVERIFIED/HIGH",yes
5275,"loose","dil··dek·ga·dek","uncategorized","UNVERIFIED/HIGH v:go·-ok-a / le-la-le-la / rok-rak-a",yes
5276,"loose","go··ok·a","uncategorized","variant/UNVERIFIED/HIGH",yes
5279,"loosen","go··ok·a","uncategorized","UNVERIFIED/HIGH v:rok-rek-a",yes
5293,"loud","ka··so·a","uncategorized","variant/UNVERIFIED/HIGH",yes
5298,"low land","ha··pal","uncategorized","UNVERIFIED/HIGH",yes
5302,"lungs","ka··sop","uncategorized","UNVERIFIED/HIGH",yes
5318,"man (male)","me··a","uncategorized","UNVERIFIED/HIGH v:me·-a-sa",yes
5319,"man (male)","me··a·sa","uncategorized","variant/UNVERIFIED/HIGH",yes
5322,"manage","man··chak·a","uncategorized","variant/UNVERIFIED/HIGH",yes
5325,"manioc","ta··bol·chu","uncategorized","UNVERIFIED/HIGH",yes
5326,"many","bang··a","uncategorized","UNVERIFIED/HIGH",yes
5330,"massage","rim··rok·a","uncategorized","UNVERIFIED/HIGH",yes
5334,"match","wal··bi·ma","uncategorized","variant/UNVERIFIED/HIGH",yes
5335,"match","wal··tot","uncategorized","variant/UNVERIFIED/HIGH",yes
5338,"mature","dil·ding bal··jak","uncategorized","UNVERIFIED/HIGH",yes
5339,"maturing","bal··jak","uncategorized","UNVERIFIED/HIGH",yes
5349,"menstruate","ja re··a","uncategorized","UNVERIFIED/HIGH",yes
5357,"messy hair","bu··rang bu··jang","health","UNVERIFIED/HIGH v:bu·-rin-eng bu·-sin-eng",yes
5358,"messy hair","bu··rin·eng bu··sin·eng","health","variant/UNVERIFIED/HIGH",yes
5375,"miss","ma··ring·a","uncategorized","variant/UNVERIFIED/HIGH",yes
5382,"mole","si··son·ta","uncategorized","UNVERIFIED/HIGH",yes
5386,"more and more","bang··rik·rik·a","phrases","UNVERIFIED/HIGH",yes
5388,"mortar","cha··am","uncategorized","UNVERIFIED/HIGH",yes
5395,"mountain pass","ha··sing·sep","education","UNVERIFIED/HIGH",yes
5398,"move","de··jit·a","uncategorized","UNVERIFIED/HIGH v:jit-a",yes
5402,"much","bang··a","uncategorized","UNVERIFIED/HIGH v:-mi-si- / bang·-e / be-si",yes
5404,"much","bang··e","uncategorized","variant/UNVERIFIED/HIGH",yes
5408,"mud","ha··dip·ek","uncategorized","variant/UNVERIFIED/HIGH",yes
5409,"mud","ha··pek","uncategorized","variant/UNVERIFIED/HIGH",yes
5410,"mud","ha··stap","uncategorized","variant/UNVERIFIED/HIGH",yes
5429,"nation","ha··song","uncategorized","variant/UNVERIFIED/HIGH",yes
5431,"native place","ha··song","uncategorized","UNVERIFIED/HIGH",yes
5443,"nervous","han··srik·han··srik","uncategorized","UNVERIFIED/HIGH v:ken-sik-a",yes
5455,"noise","gam··a","uncategorized","UNVERIFIED/HIGH v:kim-a / tim·-tim-a",yes
5457,"noise","tim··tim·a","uncategorized","variant/UNVERIFIED/HIGH",yes
5458,"noisy","gam··ru·ru·a","uncategorized","UNVERIFIED/HIGH v:jang-a-tang·-a / jang-be-a / ka·-so-a",yes
5459,"noisy","jang·a·tang··a","uncategorized","variant/UNVERIFIED/HIGH",yes
5461,"noisy","ka··so·a","uncategorized","variant/UNVERIFIED/HIGH",yes
5466,"not very good","bang··e nam·ja","phrases","UNVERIFIED/HIGH",yes
5472,"obey","ra··chak·a","uncategorized","variant/UNVERIFIED/HIGH",yes
5477,"obstruct","peng··a","uncategorized","variant/UNVERIFIED/HIGH",yes
5481,"odor of body","han··dil","health","UNVERIFIED/HIGH",yes
5485,"often","da··an·da··an","uncategorized","UNVERIFIED/HIGH v:jem·-jem-a",yes
5486,"often","jem··jem·a","uncategorized","variant/UNVERIFIED/HIGH",yes
5509,"overcome","man··chak·a","uncategorized","UNVERIFIED/HIGH",yes
5510,"overflow","ga··ak·ro·rot·a","uncategorized","UNVERIFIED/HIGH",yes
5518,"painful","sa··dik·a","uncategorized","UNVERIFIED/HIGH",yes
5526,"parents","ma··a·pa·a","uncategorized","variant/UNVERIFIED/HIGH",yes
5527,"parents","pa·gip·a·na··gip·a","uncategorized","variant/UNVERIFIED/HIGH",yes
5531,"partial","tong··kan·di","uncategorized","UNVERIFIED/HIGH",yes
5535,"pass","i··ang·chek·a","education","variant/UNVERIFIED/HIGH",yes
5536,"pass","re··ping·grik·a","education","variant/UNVERIFIED/HIGH",yes
5537,"pass","re··sek·a","education","variant/UNVERIFIED/HIGH",yes
5538,"pass, mountain","ha··sing·sep","travel","UNVERIFIED/HIGH",yes
5546,"pay attention","gi·sik ron··a","business","UNVERIFIED/HIGH",yes
5552,"peaceful","tom··tom·a","uncategorized","variant/UNVERIFIED/HIGH",yes
5553,"peak","kim··bik","uncategorized","UNVERIFIED/HIGH",yes
5567,"perch","ba··a","uncategorized","variant/UNVERIFIED/HIGH",yes
5569,"permitted to marry","ke··a","phrases","UNVERIFIED/HIGH",yes
5575,"pet","rim··rok·a","uncategorized","UNVERIFIED/HIGH",yes
5583,"pieces","tin··","uncategorized","variant/UNVERIFIED/HIGH",yes
5587,"pierce","su··a","uncategorized","variant/UNVERIFIED/HIGH",yes
5589,"pile","chong··a","uncategorized","UNVERIFIED/HIGH v:rik-a-a",yes
5592,"pile up","tom··a","uncategorized","variant/UNVERIFIED/HIGH",yes
5600,"pinch","se··et·a","uncategorized","variant/UNVERIFIED/HIGH",yes
5604,"pity","ka··sa·chak·a","uncategorized","UNVERIFIED/HIGH",yes
5612,"plant","ge··a","uncategorized","UNVERIFIED/HIGH v:go-a",yes
5615,"platform","gan··sang","uncategorized","UNVERIFIED/HIGH",yes
5620,"pledge","ku··man·si·a","uncategorized","UNVERIFIED/HIGH v:ku·-mik-chet-a / ku·-ra-chak-a",yes
5621,"pledge","ku··mik·chet·a","uncategorized","variant/UNVERIFIED/HIGH",yes
5622,"pledge","ku··ra·chak·a","uncategorized","variant/UNVERIFIED/HIGH",yes
5630,"plucked","go··ok·a","uncategorized","UNVERIFIED/HIGH",yes
5643,"pointed","chu··eng·a","uncategorized","UNVERIFIED/HIGH v:-chok- / ku·-chok-a",yes
5645,"pointed","ku··chok·a","uncategorized","variant/UNVERIFIED/HIGH",yes
5651,"polish","sol··srok·a","uncategorized","UNVERIFIED/HIGH",yes
5666,"pots","me··dik sam·dik","uncategorized","UNVERIFIED/HIGH v:ti·-",yes
5667,"pots","ti··","uncategorized","variant/UNVERIFIED/HIGH",yes
5669,"pound rice","su··a","food","UNVERIFIED/HIGH",yes
5679,"pray","bi··am·a","church","UNVERIFIED/HIGH v:bi·-ap-a",yes
5680,"pray","bi··ap·a","church","variant/UNVERIFIED/HIGH",yes
5685,"press","pa··jret·a","uncategorized","UNVERIFIED/HIGH v:sik-on-a",yes
5689,"prevent","peng··a","uncategorized","variant/UNVERIFIED/HIGH",yes
5696,"profit","lap cha··a","business","variant/UNVERIFIED/HIGH",yes
5698,"prohibit","beng··a","uncategorized","variant/UNVERIFIED/HIGH",yes
5699,"property","ha··ba song·ba","uncategorized","UNVERIFIED/HIGH v:nok-dang / som-pot-i",yes
5702,"property, individual","a··tot","uncategorized","UNVERIFIED/HIGH",yes
5706,"protect","peng··a","uncategorized","variant/UNVERIFIED/HIGH",yes
5707,"protected","bil··ting·a","uncategorized","UNVERIFIED/HIGH",yes
5709,"pubic hair, female","si··sim·ang","phrases","UNVERIFIED/HIGH",yes
5722,"pull up","tom··a","uncategorized","variant/UNVERIFIED/HIGH",yes
5734,"put","ron··a","uncategorized","variant/UNVERIFIED/HIGH",yes
5735,"put on shoes","ga··a","phrases","UNVERIFIED/HIGH",yes
5737,"put up with","han··chak·a","phrases","variant/UNVERIFIED/HIGH",yes
5743,"quick","ta··rak·a","uncategorized","variant/UNVERIFIED/HIGH",yes
5746,"quickly","bing··si·bing··si","uncategorized","variant/UNVERIFIED/HIGH",yes
5747,"quickly","gong··rak·e","uncategorized","variant/UNVERIFIED/HIGH",yes
5748,"quietly","ka··sin·chip·chip","uncategorized","UNVERIFIED/HIGH v:si-wil / srok",yes
5758,"raise","de··a","uncategorized","UNVERIFIED/HIGH v:mit-tang-a",yes
5764,"rapidly","gong··rak·a","uncategorized","UNVERIFIED/HIGH",yes
5773,"real","chong··mot","uncategorized","variant/UNVERIFIED/HIGH",yes
5774,"reborn","at·chi·pil··a","uncategorized","UNVERIFIED/HIGH",yes
5776,"receive","ra··a","uncategorized","UNVERIFIED/HIGH v:ra·-chak-a / rim·-chak-a",yes
5777,"receive","ra··chak·a","uncategorized","variant/UNVERIFIED/HIGH",yes
5778,"receive","rim··chak·a","uncategorized","variant/UNVERIFIED/HIGH",yes
5779,"recognize","hai··rik·a","uncategorized","UNVERIFIED/HIGH",yes
5783,"recover","sel··a","uncategorized","UNVERIFIED/HIGH",yes
5791,"reform","gi·sik·pil··a","uncategorized","UNVERIFIED/HIGH",yes
5794,"region","ha··dok","uncategorized","UNVERIFIED/HIGH",yes
5795,"regularly","jem··jem·a","uncategorized","UNVERIFIED/HIGH",yes
5798,"remove","ro··on·a","uncategorized","UNVERIFIED/HIGH",yes
5801,"rent","me·di ra··a","business","variant/UNVERIFIED/HIGH",yes
5802,"repeat","pil··tai·a","uncategorized","UNVERIFIED/HIGH",yes
5805,"repeatedly","jem··jem·a","uncategorized","variant/UNVERIFIED/HIGH",yes
5807,"repeatedly go","i··ang·jem··jem·a","uncategorized","UNVERIFIED/HIGH",yes
5811,"request","bi··a","uncategorized","UNVERIFIED/HIGH v:mol·-mol-a",yes
5812,"request","mol··mol·a","uncategorized","variant/UNVERIFIED/HIGH",yes
5818,"respect","dal··nik·a","uncategorized","UNVERIFIED/HIGH",yes
5819,"respond","ku··chak·a","uncategorized","UNVERIFIED/HIGH",yes
5820,"rest","neng··tak·a","uncategorized","UNVERIFIED/HIGH",yes
5826,"return","i··ang·pil··a","travel","variant/UNVERIFIED/HIGH",yes
5827,"return","i··ba·pil··a","travel","variant/UNVERIFIED/HIGH",yes
5828,"return","pil··a","travel","variant/UNVERIFIED/HIGH",yes
5829,"reverse","ham··pil·a","uncategorized","UNVERIFIED/HIGH",yes
5837,"rice pot","me··dik","food","UNVERIFIED/HIGH",yes
5844,"ridge","kim··bik","uncategorized","UNVERIFIED/HIGH",yes
5845,"right away","teng··kap teng··kap","uncategorized","UNVERIFIED/HIGH",yes
5857,"roam","re··am·a","uncategorized","UNVERIFIED/HIGH",yes
5862,"rock","rong··te","uncategorized","variant/UNVERIFIED/HIGH",yes
5864,"roll up","dol··a","uncategorized","UNVERIFIED/HIGH v:tol·-a",yes
5865,"roll up","tol··a","uncategorized","variant/UNVERIFIED/HIGH",yes
5868,"root","ja··dil","uncategorized","UNVERIFIED/HIGH v:ring-gil-a",yes
5872,"rotten","bo··ol·a","uncategorized","UNVERIFIED/HIGH v:kal-ting-a / so-brok-a",yes
5878,"round","tam··bing·a","uncategorized","variant/UNVERIFIED/HIGH",yes
5882,"rub","rim··rok·a","uncategorized","variant/UNVERIFIED/HIGH",yes
5886,"rumor","ku··rit·chu·a","uncategorized","UNVERIFIED/HIGH",yes
5889,"run, nose","ging·chi·mik·chi ong··kat·ing·a","health","UNVERIFIED/HIGH",yes
5895,"saliva","ku··chi","uncategorized","UNVERIFIED/HIGH",yes
5899,"sandal","ja··kop","uncategorized","UNVERIFIED/HIGH v:sen-dil",yes
5913,"scatter","go·pri·pra··a","uncategorized","UNVERIFIED/HIGH v:go-sri-sra-a",yes
5918,"scold","ka··cha·a","uncategorized","UNVERIFIED/HIGH v:sa-wi-a",yes
5923,"scorch","so··sim·prak·a","uncategorized","UNVERIFIED/HIGH",yes
5931,"scratch","ku··ak·a","uncategorized","variant/UNVERIFIED/HIGH",yes
5933,"scrawny","ran··chok·a","uncategorized","UNVERIFIED/HIGH",yes
5950,"seep","ong··mi·sep·a","uncategorized","UNVERIFIED/HIGH",yes
5976,"sexual relations","ju··a","uncategorized","UNVERIFIED/HIGH v:to-re-a",yes
5979,"shabby","gol··ki","uncategorized","UNVERIFIED/HIGH v:ken-ta-a",yes
5990,"sharecrop","ba·gi ron··a","uncategorized","UNVERIFIED/HIGH",yes
5992,"sharpen","hul··a","uncategorized","UNVERIFIED/HIGH v:wil·-a",yes
5993,"sharpen","wil··a","uncategorized","variant/UNVERIFIED/HIGH",yes
5999,"shell","a··kam·pi","uncategorized","UNVERIFIED/HIGH v:bi-kil-ap / bi-king",yes
6004,"shin","ja··rik·ing","uncategorized","UNVERIFIED/HIGH",yes
6005,"shine","ching··a","uncategorized","UNVERIFIED/HIGH v:chret dak-a / jing·-jang-a / net-a",yes
6007,"shine","jing··jang·a","uncategorized","variant/UNVERIFIED/HIGH",yes
6009,"shiny","jil··jeng jil··jeng","uncategorized","UNVERIFIED/HIGH",yes
6010,"shiver","han··sim·mo·a","uncategorized","UNVERIFIED/HIGH v:tep-tep-a / til·-til·-a",yes
6012,"shiver","til··til··a","uncategorized","variant/UNVERIFIED/HIGH",yes
6016,"short cut","i··tong·tang·a","uncategorized","UNVERIFIED/HIGH v:re·-tong-tang-a",yes
6017,"short cut","re··tong·tang·a","uncategorized","variant/UNVERIFIED/HIGH",yes
6019,"shorten","on··dim·it·a","uncategorized","UNVERIFIED/HIGH",yes
6020,"shortened","tong··kap·a","uncategorized","UNVERIFIED/HIGH v:-kim-bak-",yes
6024,"shout","ku··rak·a","uncategorized","variant/UNVERIFIED/HIGH",yes
6031,"show off","seng··nik·a","uncategorized","variant/UNVERIFIED/HIGH",yes
6035,"shrimp","na··tik","animals","UNVERIFIED/HIGH",yes
6041,"sieve","gin··chi·ra","uncategorized","UNVERIFIED/HIGH",yes
6046,"sing","ring··a","uncategorized","UNVERIFIED/HIGH",yes
6047,"singe","so··a","uncategorized","UNVERIFIED/HIGH",yes
6056,"sisters","a·bi·sa ma··drang","uncategorized","variant/UNVERIFIED/HIGH",yes
6058,"site","ha··dam","uncategorized","variant/UNVERIFIED/HIGH",yes
6061,"skinny","keng··krang·a","uncategorized","UNVERIFIED/HIGH",yes
6063,"skirt","re··king","uncategorized","variant/UNVERIFIED/HIGH",yes
6065,"slanting","de··gang·git·a","uncategorized","UNVERIFIED/HIGH",yes
6067,"slash and burn","ha··ba hu··a","phrases","UNVERIFIED/HIGH",yes
6075,"slippery ground","ha··rim·il·a","uncategorized","UNVERIFIED/HIGH",yes
6076,"slope","ha··chik","uncategorized","UNVERIFIED/HIGH v:ra-ma a·-sol-sol",yes
6077,"slope","ra·ma a··sol·sol","uncategorized","variant/UNVERIFIED/HIGH",yes
6078,"slope down","ha··sol·sol","uncategorized","UNVERIFIED/HIGH",yes
6079,"slope up","ha··ting·gak","uncategorized","UNVERIFIED/HIGH",yes
6083,"smacking","ku··dim·a","uncategorized","variant/UNVERIFIED/HIGH",yes
6087,"smear on","pa··a","uncategorized","UNVERIFIED/HIGH v:sit-a",yes
6095,"smoke","wal··ku","uncategorized","variant/UNVERIFIED/HIGH",yes
6096,"smoke","wal··ku·a","uncategorized","variant/UNVERIFIED/HIGH",yes
6103,"snare","ja··gra","uncategorized","variant/UNVERIFIED/HIGH",yes
6116,"soak","sim··a","uncategorized","variant/UNVERIFIED/HIGH",yes
6120,"soil","ha··","uncategorized","UNVERIFIED/HIGH v:ha·-mang",yes
6121,"soil","ha··mang","uncategorized","variant/UNVERIFIED/HIGH",yes
6122,"soiled","ma··bak·a","uncategorized","UNVERIFIED/HIGH v:re-wa-a",yes
6124,"sole of foot","ja··pa","phrases","UNVERIFIED/HIGH",yes
6132,"soot","dim··ak","uncategorized","UNVERIFIED/HIGH",yes
6134,"soothe","rim··rok·a","uncategorized","variant/UNVERIFIED/HIGH",yes
6135,"sore","hang··ki·sa·a","uncategorized","UNVERIFIED/HIGH v:pa-ri",yes
6142,"spark","wal··mi·si","uncategorized","UNVERIFIED/HIGH",yes
6144,"speak incorrectly","bo··a ra··a","uncategorized","UNVERIFIED/HIGH",yes
6146,"spear","su··a","uncategorized","variant/UNVERIFIED/HIGH",yes
6155,"spit","be··el·e gal·a","uncategorized","UNVERIFIED/HIGH v:bre-a / hak-a / stu-a",yes
6159,"spit up","el··bu·a","uncategorized","UNVERIFIED/HIGH",yes
6163,"split","den··ku·rak·a","uncategorized","variant/UNVERIFIED/HIGH",yes
6164,"split bamboo","wa··si","uncategorized","UNVERIFIED/HIGH v:wa·-si-ri",yes
6165,"split bamboo","wa··si·ri","uncategorized","variant/UNVERIFIED/HIGH",yes
6177,"sprout","chong··a","uncategorized","variant/UNVERIFIED/HIGH",yes
6185,"squat","dam··bak·a","uncategorized","UNVERIFIED/HIGH",yes
6188,"squeeze","rim··jret·a","uncategorized","UNVERIFIED/HIGH",yes
6190,"squirm","ga··git·ik·a","uncategorized","variant/UNVERIFIED/HIGH",yes
6193,"stab","su··a","uncategorized","UNVERIFIED/HIGH",yes
6196,"stairs","jang··ki","uncategorized","UNVERIFIED/HIGH",yes
6199,"stammer","tu··ta·ban·ta","uncategorized","UNVERIFIED/HIGH",yes
6200,"stamp","ga··jep·a","uncategorized","UNVERIFIED/HIGH",yes
6206,"steal","chau··a","uncategorized","UNVERIFIED/HIGH v:chol-a",yes
6210,"stem","ga··gong","uncategorized","variant/UNVERIFIED/HIGH",yes
6211,"step","ga··a","uncategorized","UNVERIFIED/HIGH v:ga·-tim-ra",yes
6212,"step","ga··tim·ra","uncategorized","variant/UNVERIFIED/HIGH",yes
6213,"step on","ga··dap·a","uncategorized","UNVERIFIED/HIGH",yes
6214,"steps","ja··ti","uncategorized","UNVERIFIED/HIGH v:teng·-",yes
6215,"steps","teng··","uncategorized","variant/UNVERIFIED/HIGH",yes
6219,"stick","gol··","uncategorized","variant/UNVERIFIED/HIGH",yes
6221,"sticky","ma··skap·a","uncategorized","UNVERIFIED/HIGH v:sit-tap-a",yes
6231,"stirring stick","me··gon","uncategorized","UNVERIFIED/HIGH",yes
6232,"stocky","dam··bak·a","uncategorized","UNVERIFIED/HIGH",yes
6234,"stool","ham··pok","uncategorized","UNVERIFIED/HIGH v:mo-ra / tul",yes
6245,"straight","·tong··tang·","uncategorized","variant/UNVERIFIED/HIGH",yes
6246,"straight","tong··tang","uncategorized","variant/UNVERIFIED/HIGH",yes
6255,"stretch","han··sal·a","uncategorized","UNVERIFIED/HIGH",yes
6261,"stringy","ro··ring·ro··ring","uncategorized","UNVERIFIED/HIGH",yes
6263,"stroke","rim··sret·a","uncategorized","UNVERIFIED/HIGH",yes
6265,"stubble","ga··git·tong","uncategorized","UNVERIFIED/HIGH v:na-ra",yes
6268,"stumble","ja··bing·bang·a","uncategorized","UNVERIFIED/HIGH v:ja·-gu-a",yes
6269,"stumble","ja··gu·a","uncategorized","variant/UNVERIFIED/HIGH",yes
6272,"stutter","ku··man·a","uncategorized","UNVERIFIED/HIGH v:tu·-ta-ban-ta",yes
6273,"stutter","tu··ta·ban·ta","uncategorized","variant/UNVERIFIED/HIGH",yes
6275,"submerge","sim··a","uncategorized","UNVERIFIED/HIGH",yes
6276,"succeed","man··chak·a","uncategorized","UNVERIFIED/HIGH",yes
6279,"suckle","cha··chot·chot·a","uncategorized","UNVERIFIED/HIGH",yes
6286,"sufficient","chu··ong·a","uncategorized","UNVERIFIED/HIGH v:gip-a / hem-hem",yes
6290,"sunlight","sal ding··a","uncategorized","UNVERIFIED/HIGH",yes
6296,"support","kang··a","uncategorized","variant/UNVERIFIED/HIGH",yes
6297,"support","sin··chak·a","uncategorized","variant/UNVERIFIED/HIGH",yes
6311,"swear","ku··mik·chet·a","uncategorized","UNVERIFIED/HIGH",yes
6313,"sweep","ham··pil·a","uncategorized","UNVERIFIED/HIGH v:ot-a / ot-rok-a",yes
6319,"swell","han··o chi du·a","uncategorized","variant/UNVERIFIED/HIGH",yes
6320,"swell","sa··al·a","uncategorized","variant/UNVERIFIED/HIGH",yes
6327,"swirl","ku··srip·a","uncategorized","UNVERIFIED/HIGH",yes
6332,"sword","mil··am","uncategorized","UNVERIFIED/HIGH",yes
6333,"sympathize","gi·sik ong··chak·a","uncategorized","UNVERIFIED/HIGH v:ka·-sa-chak-a",yes
6334,"sympathize","ka··sa·chak·a","uncategorized","variant/UNVERIFIED/HIGH",yes
6337,"take along","ra··chap·a","uncategorized","UNVERIFIED/HIGH",yes
6338,"take out","rong··kat·a","uncategorized","UNVERIFIED/HIGH",yes
6339,"taking account","ra··e","uncategorized","UNVERIFIED/HIGH",yes
6355,"tassel","ku··sim·ang","uncategorized","UNVERIFIED/HIGH",yes
6356,"taste bad","cha··dik·a","food","UNVERIFIED/HIGH",yes
6367,"tease","bu··rok·a","uncategorized","UNVERIFIED/HIGH v:mang-kal-a / re-jil-a / rong-kal-a",yes
6373,"tell","a·gan·e ron··a","uncategorized","UNVERIFIED/HIGH v:in-a",yes
6379,"tendons","ja··dil","uncategorized","UNVERIFIED/HIGH v:ja·-si-ja·-dil / rok",yes
6380,"tendons","ja··si·ja··dil","uncategorized","variant/UNVERIFIED/HIGH",yes
6389,"thatch","am··pang","uncategorized","variant/UNVERIFIED/HIGH",yes
6390,"thatch","ja··ku·a","uncategorized","variant/UNVERIFIED/HIGH",yes
6391,"thatching grass","am··pang·man·di","uncategorized","UNVERIFIED/HIGH",yes
6402,"threaten","ku··ching·a","uncategorized","variant/UNVERIFIED/HIGH",yes
6413,"tickled","ka··kit·chu·a","uncategorized","UNVERIFIED/HIGH",yes
6416,"tie strips, bamboo","du··a","phrases","UNVERIFIED/HIGH",yes
6418,"tight","je··et·je··et","uncategorized","variant/UNVERIFIED/HIGH",yes
6419,"tight","je··et·je··et dak·ing·a","uncategorized","variant/UNVERIFIED/HIGH",yes
6423,"tiny","se··em·a","uncategorized","variant/UNVERIFIED/HIGH",yes
6426,"tiptoe","ga··deng·si·a","uncategorized","UNVERIFIED/HIGH v:ja·-chri-a",yes
6427,"tiptoe","ja··chri·a","uncategorized","variant/UNVERIFIED/HIGH",yes
6431,"toe","ja··si","uncategorized","UNVERIFIED/HIGH",yes
6432,"toenail","ja··skil","uncategorized","UNVERIFIED/HIGH",yes
6435,"together","·pa··","uncategorized","variant/UNVERIFIED/HIGH",yes
6438,"tongs","dang··kep","uncategorized","UNVERIFIED/HIGH v:sil-dang-kep",yes
6452,"toss","de··bri·a","uncategorized","UNVERIFIED/HIGH",yes
6454,"touch","rim··a","uncategorized","variant/UNVERIFIED/HIGH",yes
6455,"touching","cha··skap·a","uncategorized","UNVERIFIED/HIGH v:chap-chap",yes
6461,"tracks","ja··gam","uncategorized","UNVERIFIED/HIGH",yes
6464,"tramping","ga··chep·chep·a","uncategorized","UNVERIFIED/HIGH",yes
6465,"transform","pil··a","uncategorized","UNVERIFIED/HIGH",yes
6466,"transplant","ja··rat·a","uncategorized","UNVERIFIED/HIGH",yes
6469,"tremble","dil··dil·a","uncategorized","UNVERIFIED/HIGH v:jil-jil-a / kep-kep-a",yes
6483,"try","jo·ton ka··a","uncategorized","variant/UNVERIFIED/HIGH",yes
6485,"tube, bamboo","wa··sing","uncategorized","UNVERIFIED/HIGH",yes
6486,"tubers","ta··a","uncategorized","UNVERIFIED/HIGH",yes
6490,"turn","ham··pil·a","uncategorized","variant/UNVERIFIED/HIGH",yes
6496,"turn over","pang·pil·tai··a","uncategorized","variant/UNVERIFIED/HIGH",yes
6511,"ulcer","hang··ki·sa·a","uncategorized","UNVERIFIED/HIGH",yes
6518,"uncombed","bu··rin·eng bu··sin·eng","uncategorized","UNVERIFIED/HIGH v:stik-a",yes
6526,"understand","hai··a","uncategorized","UNVERIFIED/HIGH",yes
6532,"unfinished","tong··kan·di","uncategorized","UNVERIFIED/HIGH",yes
6535,"unload","ra··ron·a","uncategorized","UNVERIFIED/HIGH",yes
6536,"unmarried woman","me··tra","uncategorized","UNVERIFIED/HIGH",yes
6547,"uplands","ha··rong·ga","uncategorized","UNVERIFIED/HIGH",yes
6557,"urge","mong··a","uncategorized","variant/UNVERIFIED/HIGH",yes
6559,"used up","bon··a","uncategorized","UNVERIFIED/HIGH",yes
6561,"valley","ha··kong","travel","UNVERIFIED/HIGH",yes
6567,"vein of leaf","ga··gong","phrases","UNVERIFIED/HIGH v:gu-a-si",yes
6572,"very","bang··e","uncategorized","UNVERIFIED/HIGH v:-be- / -mi-si- / be-si",yes
6578,"voluntarily","ha··sik·a·git·a","uncategorized","UNVERIFIED/HIGH",yes
6580,"vomit","el··bu·a","health","variant/UNVERIFIED/HIGH",yes
6599,"wander","re··am·a","uncategorized","UNVERIFIED/HIGH v:ro-am-a",yes
6602,"want","gong··a","uncategorized","variant/UNVERIFIED/HIGH",yes
6603,"want","ham··a","uncategorized","variant/UNVERIFIED/HIGH",yes
6606,"warm","ding··bru·ding··bru","uncategorized","variant/UNVERIFIED/HIGH",yes
6607,"warn","ku··ron·a","uncategorized","UNVERIFIED/HIGH",yes
6608,"wart","si··son·ta","uncategorized","UNVERIFIED/HIGH",yes
6610,"wash feet","ja··su·a","uncategorized","UNVERIFIED/HIGH",yes
6612,"wash things","su··gal·a","uncategorized","UNVERIFIED/HIGH",yes
6630,"wear","ga··a","uncategorized","variant/UNVERIFIED/HIGH",yes
6647,"whisper","ku··mi·si·a","uncategorized","UNVERIFIED/HIGH",yes
6648,"white ants","ha··kin","uncategorized","UNVERIFIED/HIGH",yes
6670,"wish","ha··sik·a","uncategorized","UNVERIFIED/HIGH v:sik-a",yes
6676,"woman, unmarried","me··tra","uncategorized","UNVERIFIED/HIGH",yes
6678,"woodshed","ha··bol·nok","uncategorized","UNVERIFIED/HIGH",yes
6683,"world","ha··gil·sak","uncategorized","UNVERIFIED/HIGH",yes
6684,"worm","jong··","animals","UNVERIFIED/HIGH v:kan·-chi-ri / reng-si",yes
6685,"worm","kan··chi·ri","animals","variant/UNVERIFIED/HIGH",yes
6687,"worn","cham··a","uncategorized","UNVERIFIED/HIGH",yes
6692,"worried","ting··ting·a","uncategorized","variant/UNVERIFIED/HIGH",yes
6695,"woven tightly","bing··a","uncategorized","UNVERIFIED/HIGH",yes
6696,"wrap","bil··a","uncategorized","UNVERIFIED/HIGH v:cho·-a / ka-tip-a / tep-a",yes
6697,"wrap","cho··a","uncategorized","variant/UNVERIFIED/HIGH",yes
6700,"wrapped","bil··ting·a","uncategorized","UNVERIFIED/HIGH",yes
6712,"young","pi··sa","uncategorized","UNVERIFIED/HIGH",yes
6719,"leg","ja··","uncategorized","UNVERIFIED/HIGH v:ja·-chok / ja·-git-teng / ja·-teng",yes
6720,"light weight","cheng··a","uncategorized","UNVERIFIED/HIGH",yes
6722,"push","pa··jret·a","uncategorized","UNVERIFIED/HIGH v:sik-do-a / sik-do-do-a / sik-pak-a",yes
6729,"stir","cho··bil·a","uncategorized","UNVERIFIED/HIGH v:chok-chok-a / go-rai-a / gon·-gon-a",yes
